state1,state2,typology,fence,wall,additional_fortification,fortification_description,landmine,bcp,bcp_infrastructure,avdan_2019,hassner_wittenberg_2015,jellissen_gottheil_2013,jones_2012,wikipedia,linnell_et_al_2016
AFG,CHN,1,0,0,0,,4,,0,0,0,0,0,0,0
AFG,IRN,3,0,0,0,,4,"34.707214,61.0042833",2,0,0,0,0,0,0
AFG,PAK,3,0,0,0,,4,"30.9544455,66.4382611",1,0,0,0,0,0,0
AFG,TJK,3,0,0,0,,4,"37.1882856,68.6012927",2,0,0,0,0,0,0
AFG,TKM,3,0,0,0,,4,"35.2564338,62.2769546",2,0,0,0,0,0,0
AFG,UZB,3,0,0,0,,4,"37.2210918,67.4249825",1,0,0,0,0,0,0
AGO,COD,3,0,0,0,,4,"-10.6976478,22.3199301",1,0,0,0,0,0,0
AGO,COG,3,0,0,0,,4,"-4.9891877,12.0568186",1,0,0,0,0,0,0
AGO,NAM,3,0,0,0,,4,"-17.3908379,15.8909645",2,0,0,0,0,0,0
AGO,ZMB,3,0,0,0,,4,"-11.106098,24.0131919",1,0,0,0,0,0,0
ALB,GRC,3,0,0,0,,0,"39.9124363,20.3554651",2,0,0,0,0,0,0
ALB,MKD,3,0,0,0,,0,"41.5626943,20.4918127",2,0,0,0,0,0,0
ALB,MNE,3,0,0,0,,0,"42.017077,19.3729169",2,0,0,0,0,0,0
ALB,XKX,3,0,0,0,,0,"42.155606,20.5441294",2,0,0,0,0,0,0
AND,ESP,3,0,0,0,,0,"42.4348335,1.4711189",2,0,0,0,0,0,0
AND,FRA,3,0,0,0,,0,"42.5591542,1.75348",2,0,0,0,0,0,0
ARE,OMN,5,1,0,0,"2,50-high meshed wire fence topped with barbed wire",0,"24.210991, 55.953890",2,1,1,1,1,1,0
ARE,SAU,5,1,0,0,mesh-fence,0,"24.1269048,51.6168397",2,1,1,1,0,0,0
ARG,BOL,3,0,0,0,,0,"-22.097062,-65.5967526",2,0,0,0,0,0,0
ARG,BRA,3,0,0,0,,0,"-25.599566,-54.5628522",2,0,0,0,0,0,0
ARG,CHL,3,0,0,0,,0,"-32.806364,-70.0678866",1,0,0,0,0,0,0
ARG,PRY,4,0,1,0,5m-high concrete wall; length: 1300m,0,"-27.375984,-55.8842398",2,0,0,0,0,0,0
ARG,URY,3,0,0,0,,0,"-32.261805,-58.1328256",2,0,0,0,0,0,0
ARM,AZE,5,0,0,1,trenches; barbed wire; land mines,1,"39.584063,46.5039103",0,0,0,0,0,0,0
ARM,GEO,3,0,0,0,,1,"41.205872,44.3165463",2,0,0,0,0,0,0
ARM,IRN,3,0,0,0,,1,"38.853867,46.2037463",2,0,0,0,0,0,1
ARM,TUR,5,1,0,1,fencing; berms,1,"40.731192,43.7472643",0,0,0,0,0,0,0
AUT,CHE,3,0,0,0,,0,"47.4317514,9.6476259",2,0,0,0,0,0,0
AUT,CZE,2,0,0,0,,0,"48.6436482,14.4544526",2,0,0,0,0,0,0
AUT,DEU,2,0,0,0,,0,"47.7688455,12.9425608",0,0,0,0,0,0,0
AUT,HUN,2,0,0,0,,0,"47.2566397,16.4660851",2,0,0,0,0,0,0
AUT,ITA,2,0,0,0,,0,"47.0055383,11.5045034",0,0,0,0,0,0,0
AUT,LIE,2,0,0,0,,0,"47.2181838,9.5702704",1,0,0,0,0,0,0
AUT,SVK,2,0,0,0,,0,"48.1217709,17.0582646",2,0,0,0,0,0,0
AUT,SVN,4,1,0,0,"3,7km concertina wire",0,"46.5177617,13.7505392",2,1,0,0,0,0,1
AZE,ARM,5,0,0,1,trenches; landmines,4,"40.23138,45.9741541",0,1,0,0,1,0,0
AZE,GEO,4,1,0,1,meshed wire fence; landmines,4,"41.328232,45.0734536",2,0,0,0,0,0,0
AZE,IRN,3,0,0,0,,4,"38.443274,48.8747866",2,0,0,0,0,0,1
AZE,RUS,5,1,0,0,meshed wire fence topped with barbed wire,4,"41.636928,48.4204033",2,0,0,0,0,0,1
AZE,TUR,3,0,0,0,,4,"39.660772,44.8124403",2,0,0,0,0,0,0
BDI,COD,3,0,0,0,,0,"-3.3393886,29.2122293",1,0,0,0,0,0,0
BDI,RWA,3,0,0,0,,0,"-2.7917043,29.6674597",1,0,0,0,0,0,0
BDI,TZA,3,0,0,0,,0,"-2.6650465,30.4100258",2,0,0,0,0,0,0
BEL,DEU,2,0,0,0,,0,"50.7183025,6.1193957",0,0,0,0,0,0,0
BEL,FRA,2,0,0,0,,0,"50.4393258,3.6679644",0,0,0,0,0,0,0
BEL,LUX,2,0,0,0,,0,"49.638788,5.9013562",0,0,0,0,0,0,0
BEL,NLD,2,0,0,0,,0,"51.375246,4.3040472",0,0,0,0,0,0,0
BEN,BFA,3,0,0,0,,0,"10.99672,0.9825984",1,0,0,0,0,0,0
BEN,NER,3,0,0,0,,0,"11.8809824,3.3951378",2,0,0,0,0,0,0
BEN,NGA,3,0,0,0,,0,"6.3793957,2.7034606",2,0,0,0,0,0,0
BEN,TGO,3,0,0,0,,0,"6.2410184,1.6302915",2,0,0,0,0,0,0
BFA,BEN,3,0,0,0,,0,"11.020283,0.941299",1,0,0,0,0,0,0
BFA,CIV,3,0,0,0,,0,"10.2040164,-4.9865316",1,0,0,0,0,0,0
BFA,GHA,3,0,0,0,,0,"11.0051445,-1.1157887",2,0,0,0,0,0,0
BFA,MLI,3,0,0,0,,0,"11.0919781,-5.328193",2,0,0,0,0,0,0
BFA,NER,3,0,0,0,,0,"12.4906107,1.516477",2,0,0,0,0,0,0
BFA,TGO,3,0,0,0,,0,"11.1139183,0.0082429",2,0,0,0,0,0,0
BGD,IND,3,0,0,0,,0,"23.039536,88.8861103",2,0,0,0,0,0,0
BGD,MMR,1,0,0,0,,0,"21.20216,92.1970624",0,0,0,0,0,0,0
BGR,GRC,3,0,0,0,,0,"41.443962,23.8239761",2,0,0,0,0,0,0
BGR,MKD,3,0,0,0,,0,"41.9865777,22.8749204",2,0,0,0,0,0,0
BGR,ROU,4,1,0,0,four-row wire fence with barbed wire for the 133 km structure,0,"43.8809824,26.0107928",2,0,0,0,0,0,0
BGR,SRB,3,0,0,0,,0,"42.9953556,22.8359306",2,0,0,0,0,0,0
BGR,TUR,5,1,0,1,"3m wire mesh, fronted and topped with concertina wire",0,"41.9701385,27.4615326",2,1,1,0,0,1,1
BHR,SAU,3,0,0,0,,0,"26.1835918,50.3260362",2,0,0,0,0,0,0
BIH,HRV,3,0,0,0,,4,"43.611016,16.9730668",1,0,0,0,0,0,0
BIH,MNE,3,0,0,0,,4,"42.712476,18.5476975",2,0,0,0,0,0,0
BIH,SRB,3,0,0,0,,4,"44.406468,19.1237236",2,0,0,0,0,0,0
BLR,LTU,3,0,0,0,,0,"54.542915,25.7013743",2,0,0,0,0,0,1
BLR,LVA,3,0,0,0,,0,"55.717048,26.8759825",1,0,0,0,0,0,1
BLR,POL,5,1,0,0,"2,5m barbed-wire fence",0,"53.122797,23.8955543",2,0,0,0,0,0,1
BLR,RUS,3,0,0,0,,0,"52.442676,31.6078003",1,0,0,0,0,0,0
BLR,UKR,4,1,0,0,meshed wire,0,"52.092812,30.9658693",2,0,0,0,0,0,0
BLZ,GTM,3,0,0,0,,0,"17.05768,-89.1504034",2,0,0,0,0,1,0
BLZ,MEX,3,0,0,0,,0,"18.485962,-88.40145",2,0,0,0,0,0,0
BOL,ARG,3,0,0,0,,0,"-22.096287,-65.5967712",1,0,0,0,0,0,0
BOL,BRA,3,0,0,0,,0,"-19.028456,-57.7096489",2,0,0,0,0,0,0
BOL,CHL,3,0,0,0,,0,"-22.881076,-67.7990555",1,0,0,0,0,0,0
BOL,PER,3,0,0,0,,0,"-16.564079,-69.0365955",1,0,0,0,0,0,0
BOL,PRY,3,0,0,0,,0,"-21.672353,-62.4595118",1,0,0,0,0,0,0
BRA,ARG,3,0,0,0,,0,"-25.579018,-54.5588423",2,0,0,0,0,0,0
BRA,BOL,3,0,0,0,,0,"-19.027843,-57.7082098",2,0,0,0,0,0,0
BRA,COL,3,0,0,0,,0,"-4.219583,-69.9361122",1,0,0,0,0,0,0
BRA,GUY,3,0,0,0,,0,"3.380143,-59.8180794",1,0,0,0,0,0,0
BRA,PER,3,0,0,0,,0,"-10.9333946,-69.5664088",2,0,0,0,0,0,0
BRA,PRY,3,0,0,0,,0,"-25.509566,-54.5987947",2,0,0,0,0,0,0
BRA,SUR,1,0,0,0,,0,,0,0,0,0,0,0,0
BRA,URY,3,0,0,0,,0,"-30.390993,-56.4545768",1,0,0,0,0,0,0
BRA,VEN,3,0,0,0,,0,"4.480333,-61.1502529",2,0,0,0,0,0,0
BRN,MYS,4,1,0,0,,0,"4.5829126,114.0747577",2,0,1,1,1,1,0
BTN,CHN,1,0,0,0,,0,,0,0,0,0,0,0,0
BTN,IND,3,0,0,0,,0,"26.8625909,89.381193",1,0,0,0,0,0,0
BWA,NAM,4,1,0,0,veterinary cordon fence,0,"-22.2808115,19.999279",2,1,0,0,0,0,0
BWA,ZAF,3,0,0,0,,0,"-25.275518,25.7113082",2,0,0,0,0,0,0
BWA,ZMB,3,0,0,0,,0,"-17.7990945,25.2539946",2,0,0,0,0,0,0
BWA,ZWE,5,1,0,0,"barbed-wire, electrification (220v)",0,"-18.5255011,25.6620786",1,1,1,1,1,1,0
CAF,CMR,3,0,0,0,,0,"5.9034792,14.5519389",1,0,0,0,0,0,0
CAF,COD,1,0,0,0,,0,"4.3586053,18.589562",0,0,0,0,0,0,0
CAF,COG,1,0,0,0,,0,"3.4816203,18.5957902",0,0,0,0,0,0,0
CAF,SDN,1,0,0,0,,0,"10.4687056,23.3030264",0,0,0,0,0,0,0
CAF,SSD,1,0,0,0,,0,"5.3973072,27.2331929",0,0,0,0,0,0,0
CAF,TCD,1,0,0,0,,0,"8.2295388,18.7130684",0,0,0,0,0,0,0
CAN,USA,3,0,0,0,,0,"45.01161,-73.4544387",2,0,0,0,0,0,0
CHE,AUT,3,0,0,0,,0,"47.4313445,9.6422472",2,0,0,0,0,0,0
CHE,DEU,3,0,0,0,,0,"47.794509,8.5874678",2,0,0,0,0,0,0
CHE,FRA,3,0,0,0,,0,"46.147907,6.093807",2,0,0,0,0,0,0
CHE,ITA,3,0,0,0,,0,"45.837465,9.0344043",2,0,0,0,0,0,0
CHE,LIE,2,0,0,0,,0,"47.1683719,9.4892949",0,0,0,0,0,0,0
CHL,ARG,3,0,0,0,,2,"-32.827577,-70.0928862",1,0,0,0,0,0,0
CHL,BOL,4,0,0,1,yes (landmines),2,"-19.275744,-68.6230063",2,0,0,0,0,0,0
CHL,PER,4,0,0,1,yes (landmines),2,"-18.315218,-70.3153958",2,0,0,0,0,0,0
CHN,AFG,5,1,0,1,barbed-wired fence; trenches,,"37.1570577,74.6568435",1,0,0,0,0,0,0
CHN,BTN,1,0,0,0,,,"27.503926,89.001944",0,0,0,0,0,0,0
CHN,IND,1,0,0,0,,,"27.3866584,88.8304521",0,0,0,0,0,0,0
CHN,KAZ,5,1,0,0,,,"44.2118741,80.4035425",2,0,0,0,0,0,1
CHN,KGZ,5,1,0,0,rolled concertina-wire; barbed-wire fence,,"39.7124303,73.9615324",1,0,0,0,0,0,0
CHN,LAO,3,0,0,0,,,"21.18586,101.6820939",2,0,0,0,0,0,0
CHN,MMR,3,0,0,0,,,"23.986615, 97.872001",2,0,0,0,0,0,0
CHN,MNG,5,1,0,0,barbed-wire fence,,"43.6879154,111.948012",2,0,0,0,0,0,1
CHN,NPL,3,0,0,0,,,"27.9729852,85.9639118",1,0,0,0,0,0,0
CHN,PAK,3,0,0,0,,,"36.8477984,75.4619637",2,0,0,0,0,0,0
CHN,PRK,5,1,0,0,4m-high barbed wired fence,,"40.1216919,124.3811669",2,1,1,1,1,1,1
CHN,RUS,5,1,0,0,,,"49.6277385,117.3717138",2,0,0,0,0,0,1
CHN,TJK,5,1,1,1,barbed-wired fence; berms,,"38.1940898,74.9231043",1,0,0,0,0,0,0
CHN,VNM,4,1,0,0,barbed-wired fence,0,"21.979576,106.714834",2,0,0,0,0,0,0
CIV,BFA,3,0,0,0,,0,"9.983698,-5.1619927",1,0,0,0,0,0,0
CIV,GHA,3,0,0,0,,0,"5.2900123,-2.7878159",1,0,0,0,0,0,0
CIV,GIN,3,0,0,0,,0,"7.6099669,-8.3124629",1,0,0,0,0,0,0
CIV,LBR,3,0,0,0,,0,"7.252961,-8.3631095",1,0,0,0,0,0,0
CIV,MLI,3,0,0,0,,0,"10.4606934,-5.6453397",1,0,0,0,0,0,0
CMR,CAF,3,0,0,0,,0,"5.9032069,14.5522785",1,0,0,0,0,0,0
CMR,COG,1,0,0,0,,0,"1.6594957,16.0375334",0,0,0,0,0,0,0
CMR,GAB,3,0,0,0,,0,"2.1751619,11.3584019",1,0,0,0,0,0,0
CMR,GNQ,3,0,0,0,,0,"2.1727994,11.3363631",1,0,0,0,0,0,0
CMR,NGA,4,0,0,1,trench,0,"5.8106034,8.8491316",1,0,0,0,0,0,0
CMR,TCD,3,0,0,0,,0,"12.0675544,15.0518139",1,0,0,0,0,0,0
COD,AGO,3,0,0,0,,1,"-10.6971481,22.3254672",1,0,0,0,0,0,0
COD,BDI,3,0,0,0,,1,"-3.339146,29.2116945",1,0,0,0,0,0,0
COD,CAF,1,0,0,0,,1,"4.3647484,18.5977043",0,0,0,0,0,0,0
COD,COG,3,0,0,0,,1,"-4.2972444,15.3198371",2,0,0,0,0,0,0
COD,RWA,3,0,0,0,,1,"-1.6966345,29.2441349",2,0,0,0,0,0,0
COD,SSD,1,0,0,0,,1,,0,0,0,0,0,0,0
COD,UGA,3,0,0,0,,1,"2.376284,31.0289667",1,0,0,0,0,0,0
COD,ZMB,3,0,0,0,,1,"-12.263867,27.795773",2,0,0,0,0,0,0
COG,AGO,3,0,0,0,,0,"-4.9889908,12.0571728",2,0,0,0,0,0,0
COG,CAF,1,0,0,0,,0,"3.4816203,18.5957902",0,0,0,0,0,0,0
COG,CMR,1,0,0,0,,0,"1.6594957,16.0375334",0,0,0,0,0,0,0
COG,COD,3,0,0,0,,0,"-4.272298,15.2927892",2,0,0,0,0,0,0
COG,GAB,1,0,0,0,,0,"-1.8249131,12.654823",0,0,0,0,0,0,0
COL,BRA,1,0,0,0,,3,,0,0,0,0,0,0,0
COL,ECU,3,0,0,0,,3,"0.8146,-77.6638509",2,0,0,0,0,0,0
COL,PAN,1,0,0,0,,3,,0,0,0,0,0,0,0
COL,PER,1,0,0,0,,3,,0,0,0,0,0,0,0
COL,VEN,3,0,0,0,,3,"7.818762,-72.4537632",2,0,0,0,0,0,0
CRI,NIC,3,0,0,0,,0,"11.211879,-85.6128811",2,0,0,0,0,1,0
CRI,PAN,3,0,0,0,,0,"8.535661,-82.8414911",2,0,0,0,0,0,0
CYP,TUR,5,1,1,0,"2,50m-high stone wall topped with barbed wire or 1,70m-high oil drums topped with barbed wire",0,"35.1813471,33.3228568",1,0,0,0,0,0,0
CZE,AUT,2,0,0,0,,0,"48.6436482,14.4544526",2,0,0,0,0,0,0
CZE,DEU,2,0,0,0,,0,"50.7831,13.8965224",0,0,0,0,0,0,0
CZE,POL,2,0,0,0,,0,"50.042856,18.0883346",0,0,0,0,0,0,0
CZE,SVK,2,0,0,0,,0,"48.951869,17.8950893",2,0,0,0,0,0,0
DEU,AUT,2,0,0,0,,0,"47.7688455,12.9425608",0,0,0,0,0,0,0
DEU,BEL,2,0,0,0,,0,"50.7183025,6.1193957",0,0,0,0,0,0,0
DEU,CHE,3,0,0,0,,0,"47.804838,8.5824366",2,0,0,0,0,0,0
DEU,CZE,2,0,0,0,,0,"50.7831,13.8965224",0,0,0,0,0,0,0
DEU,DNK,2,0,0,0,,0,"54.805698,9.3270904",0,0,0,0,0,0,0
DEU,FRA,2,0,0,0,,0,"48.976256,8.1541425",0,0,0,0,0,0,0
DEU,LUX,2,0,0,0,,0,"49.927388,6.2240221",0,0,0,0,0,0,0
DEU,NLD,2,0,0,0,,0,"51.9030228,6.159115",0,0,0,0,0,0,0
DEU,POL,2,0,0,0,,0,"52.316833,14.5871864",,0,0,0,0,0,0
DJI,ERI,1,0,0,0,,0,"12.7096374,43.1270304",0,0,0,0,0,0,0
DJI,ETH,3,0,0,0,,0,"11.7170024,41.8362184",1,0,0,0,0,0,0
DJI,SOM,3,0,0,0,,0,"11.4611403,43.250635",2,0,0,0,0,0,0
DNK,DEU,5,1,0,0,1.5m-high fence,0,"54.805698,9.3270904",2,0,0,0,0,0,0
DNK,SWE,2,0,0,0,,0,"55.565935,12.9113771",2,0,0,0,0,0,0
DOM,HTI,4,1,0,1,metal police barricades,0,"19.55104,-71.7123648",1,0,0,0,0,0,0
DZA,LBY,4,1,0,0,,0,"30.1787159,9.380824",1,0,0,0,0,0,0
DZA,MAR,5,1,0,1,"barbed-wired fence; trench (6m width, 6m depth) and berm",0,"34.7876096,-1.8404467",2,0,0,0,0,0,0
DZA,MLI,4,0,0,1,berm,0,"21.199541,1.0558139",0,0,0,0,0,0,0
DZA,MRT,4,0,0,1,berm,0,"27.1589219,-8.4052426",1,0,0,0,0,0,0
DZA,NER,4,0,1,1,berm,0,"19.4820778,5.7897571",1,0,0,0,0,0,0
DZA,TUN,4,0,0,1,berm,0,"35.5461881,8.3582814",2,0,0,0,0,0,0
ECU,COL,3,0,0,0,,1,"0.813713,-77.6660633",2,0,0,0,0,0,0
ECU,PER,4,0,1,0,"1-2,2km concrete wall; 4m height",1,"-3.481396,-80.2437922",2,0,0,0,0,0,0
EGY,ISR,3,0,0,0,,,"29.4908473,34.9002717",2,0,0,0,0,0,0
EGY,LBY,4,0,0,1,landmines,,"31.5723596,25.083832",2,0,0,0,0,0,0
EGY,SDN,3,0,0,0,,,"22.0034982,31.5114458",2,0,0,0,0,0,0
ERI,DJI,1,0,0,0,,3,"12.3766306,42.7091293",0,0,0,0,0,0,0
ERI,ETH,3,0,0,0,,3,"12.6351368,42.2788514",1,0,0,0,0,0,0
ERI,SDN,1,0,0,0,,3,"15.1536154,36.4352176",0,0,0,0,0,0,0
ESP,AND,3,0,0,0,,0,"42.4322508,1.4665257",2,0,0,0,0,0,0
ESP,FRA,2,0,0,0,,0,"42.4284537,2.8653959",0,0,0,0,0,0,0
ESP,MAR,5,1,0,0,"razor wire, parallel fences",0,"35.8692046,-5.3458903",2,1,1,1,0,1,0
ESP,PRT,2,0,0,0,,0,"38.883598,-7.0341327",0,0,0,0,0,0,0
EST,LVA,2,0,0,0,,0,"57.874532,24.3793724",0,0,0,0,0,0,0
EST,RUS,4,1,0,0,2.5-meter-high barbed-wire fence (proposed),0,"59.376172,28.1961483",2,1,0,0,0,1,1
ETH,DJI,3,0,0,0,,3,"11.7411381,41.8388819",1,0,0,0,0,0,0
ETH,ERI,4,0,0,1,berm,3,"12.6351368,42.2788514",1,0,0,0,0,0,0
ETH,KEN,3,0,0,0,,3,"3.527842,39.0519513",2,0,0,0,0,0,0
ETH,SDN,3,0,0,0,,3,"12.9576444,36.1519728",1,0,0,0,0,0,0
ETH,SOM,3,0,0,0,,3,"9.5995054,43.3310465",1,0,0,0,0,0,0
ETH,SSD,1,0,0,0,,3,,0,0,0,0,0,0,0
FIN,NOR,2,0,0,0,,0,"69.909323,27.0267623",0,0,0,0,0,0,0
FIN,RUS,3,0,0,0,,0,"61.1305019,28.8232829",2,0,0,0,0,0,0
FIN,SWE,2,0,0,0,,0,"68.444778,22.4744733",0,0,0,0,0,0,0
FRA,AND,3,0,0,0,,0,"42.559438,1.7541873",2,0,0,0,0,0,0
FRA,BEL,2,0,0,0,,0,"50.4393258,3.6679644",0,0,0,0,0,0,0
FRA,CHE,3,0,0,0,,0,"46.147907,6.093807",2,0,0,0,0,0,0
FRA,DEU,2,0,0,0,,0,"48.976256,8.1541425",0,0,0,0,0,0,0
FRA,ESP,2,0,0,0,,0,"42.473434,2.8597698",0,0,0,0,0,0,0
FRA,ITA,2,0,0,0,,0,"43.785973,7.5280688",0,0,0,0,0,0,0
FRA,LUX,2,0,0,0,,0,"49.477277,6.1192158",0,0,0,0,0,0,0
FRA,MCO,2,0,0,0,,0,,0,0,0,0,0,0,0
GAB,CMR,3,0,0,0,,0,"2.1754854,11.3610833",2,0,0,0,0,0,0
GAB,COG,1,0,0,0,,0,"-1.812399,12.6539094",0,0,0,0,0,0,0
GAB,GNQ,3,0,0,0,,0,"1.6218184,11.3335202",1,0,0,0,0,0,0
GBR,IRL,2,0,0,0,,0,"54.113749,-6.3663178",0,0,0,0,0,0,0
GEO,ARM,3,0,0,0,,,"41.2292457,44.8289847",2,0,0,0,0,0,0
GEO,AZE,3,0,0,0,,,"41.3299709,45.0690978",2,0,0,0,0,0,0
GEO,RUS,3,0,0,0,,,"41.636845,48.4206759",2,0,0,0,0,0,1
GEO,TUR,3,0,0,0,,,"41.5883307,42.8184448",2,0,0,0,0,0,0
GHA,BFA,3,0,0,0,,0,"10.9966736,-1.1150183",1,0,0,0,0,0,0
GHA,CIV,3,0,0,0,,0,"5.2896764,-2.7809223",1,0,0,0,0,0,0
GHA,TGO,3,0,0,0,,0,"6.1130267,1.1983268",1,0,0,0,0,0,0
GIN,CIV,3,0,0,0,,0,"7.6115374,-8.3108345",1,0,0,0,0,0,0
GIN,GNB,3,0,0,0,,0,"12.4288942,-13.6351703",1,0,0,0,0,0,0
GIN,LBR,3,0,0,0,,0,"8.4925664,-9.6486618",1,0,0,0,0,0,0
GIN,MLI,3,0,0,0,,0,"11.949499,-8.7874417",1,0,0,0,0,0,0
GIN,SEN,3,0,0,0,,0,"12.5844564,-13.3730473",1,0,0,0,0,0,0
GIN,SLE,3,0,0,0,,0,"9.1734246,-12.9596621",2,0,0,0,0,0,0
GMB,SEN,3,0,0,0,,0,"13.5917248,-16.4222039",2,0,0,0,0,0,0
GNB,GIN,3,0,0,0,,0,"12.4281544,-13.6472631",1,0,0,0,0,0,0
GNB,SEN,3,0,0,0,,0,"12.4493936,-16.2248503",1,0,0,0,0,0,0
GNQ,CMR,3,0,0,0,,0,"2.3419007,9.8224127",1,0,0,0,0,0,0
GNQ,GAB,3,0,0,0,,0,"2.172850, 11.336933",1,0,0,0,0,0,0
GRC,ALB,3,0,0,0,,0,"39.9123192,20.3612858",2,0,0,0,0,0,0
GRC,BGR,3,0,0,0,,0,"41.433402,23.8254283",2,0,0,0,0,0,0
GRC,MKD,3,0,0,0,,0,"41.128159,22.5495243",2,0,0,0,0,0,1
GRC,TUR,4,1,0,0,"12,5km barbed-wired fence",0,"40.944966,26.3095745",2,1,1,1,1,0,1
GTM,BLZ,3,0,0,0,,0,"17.057976,-89.1531308",2,0,0,0,0,0,0
GTM,HND,3,0,0,0,,0,"14.539276,-89.2845494",1,0,0,0,0,0,0
GTM,MEX,3,0,0,0,,0,"14.675197,-92.1429422",1,0,0,0,0,0,0
GTM,SLV,3,0,0,0,,0,"14.0200372,-89.9098846",2,0,0,0,0,0,0
GUY,BRA,3,0,0,0,,0,"3.381045,-59.8092678",1,0,0,0,0,0,0
GUY,SUR,3,0,0,0,,0,"5.7806694,-57.1713038",2,0,0,0,0,0,0
GUY,VEN,1,0,0,0,,0,,0,0,0,0,0,0,0
HND,GTM,3,0,0,0,,0,"14.535195,-89.2799764",2,0,0,0,0,0,0
HND,NIC,3,0,0,0,,0,"13.0622754,-86.9570076",2,0,0,0,0,0,0
HND,SLV,3,0,0,0,,0,"13.5965584,-87.7655028",1,0,0,0,0,0,0
HRV,BIH,3,0,0,0,,4,"43.611016,16.9730668",2,0,0,0,0,0,0
HRV,HUN,3,0,0,0,,4,"45.941923,17.4596596",1,0,0,0,0,0,0
HRV,MNE,3,0,0,0,,4,"42.490323,18.4319333",2,0,0,0,0,0,0
HRV,SRB,3,0,0,0,,4,"45.048232,19.0942843",2,0,0,0,0,0,0
HRV,SVN,3,0,0,0,,4,"45.8410032,15.6963799",2,0,0,0,0,0,0
HTI,DOM,4,0,1,1,"2,5m concrete wall",0,"19.550883,-71.7144225",1,0,0,0,0,0,0
HUN,AUT,2,0,0,0,,0,"47.253912,16.4716329",2,0,0,0,0,0,0
HUN,HRV,5,1,0,0,3.5m high; topped with barbed wire,0,"45.948109,17.4615359",2,1,0,0,0,1,1
HUN,ROU,3,0,0,0,,0,"46.211756,20.7634387",2,0,0,0,0,0,0
HUN,SRB,5,1,0,0,3.5m high; topped with barbed wire,0,"46.169199,19.5556537",2,0,0,0,0,0,0
HUN,SVK,2,0,0,0,,0,"48.00975,17.175478",2,0,0,0,0,0,0
HUN,SVN,2,0,0,0,,0,"46.51718,16.5305045",0,0,0,0,0,0,0
HUN,UKR,3,0,0,0,,0,"48.164309,22.5688703",2,0,0,0,0,0,0
IDN,MYS,3,0,0,0,,0,"0.9858233,110.3509273",2,0,0,0,0,0,0
IDN,PNG,3,0,0,0,,0,"-2.6086121,140.998027",2,0,0,0,0,0,0
IDN,TLS,3,0,0,0,,0,"-8.9593912,124.9514388",2,0,0,0,0,0,0
IND,BGD,5,1,0,0,double 4m-high metal studs; barbed wire is installed between the fences,,"24.8460247,88.140197",1,1,1,1,1,1,0
IND,BTN,3,0,0,0,,,"26.7925144,91.5016034",1,0,0,0,0,0,0
IND,CHN,1,1,0,0,,,,0,0,0,0,0,0,0
IND,MMR,4,1,0,0,"10km double 3,60m-high fence with barbed wire installed between the fences",,"24.2468144,94.3072174",1,1,1,1,1,0,1
IND,NPL,3,0,0,0,,,"27.4757992,83.4692478",1,0,0,0,0,0,0
IND,PAK,5,1,0,0,different metal fences topped with barbed wire,,"54.113749,-6.3663178",1,1,1,1,1,1,0
IRL,GBR,2,0,0,0,,0,none,0,0,0,0,0,0,0
IRN,AFG,5,1,0,1,barbed-wired fence; berms; ditches; watchtower,,"34.712035,60.9940893",2,1,1,1,0,0,1
IRN,ARM,3,0,0,0,,,"38.8506352,46.1974815",2,0,0,0,0,0,0
IRN,AZE,3,0,0,0,,,"38.4387408,48.8752288",2,0,0,0,0,0,0
IRN,IRQ,4,1,0,1,"fences, berms, military bases",,"34.383581,45.4670969",2,0,0,0,0,0,0
IRN,PAK,5,1,1,1,barriers that reach a height of more than 5m; barbed wire; watchtower,,"28.978345, 61.5449913",2,1,1,1,1,1,1
IRN,TKM,3,0,0,0,,,"37.628811, 58.4056535",2,0,0,0,0,0,0
IRN,TUR,4,0,0,1,Guard towers; berms,,"37.717293,44.620479",2,0,0,0,0,0,0
IRQ,IRN,4,0,0,1,"berms, trenches",4,"35.6144498,46.012803",1,0,0,0,0,0,0
IRQ,JOR,3,0,0,0,,4,"32.7457115,39.0091983",1,0,0,0,0,0,0
IRQ,KWT,3,0,0,0,,4,"30.1035934,47.7144103",2,0,0,0,0,0,0
IRQ,SAU,3,0,0,0,,4,"31.3717318,41.4439608",1,0,0,0,0,0,0
IRQ,SYR,4,1,0,1,"berms, trenches, 3m-high fence topped with barbed wire, guardtower",4,"34.3953084,40.9751243",1,0,0,0,1,0,0
IRQ,TUR,3,0,0,0,,4,"37.1393633,42.5687823",2,0,0,0,0,0,0
ISR,EGY,5,1,0,1,double 5m fence with barbed wire,,"29.4913074,34.9027046",2,0,1,0,1,1,0
ISR,JOR,4,1,0,0,3m-high metal fence topped with barbed wire,,"29.575214,34.9760125",1,1,1,0,0,0,0
ISR,LBN,5,1,1,0,"fence, wall",,,0,1,1,0,1,0,0
ISR,SYR,5,1,0,0,4m-high fence with stacked barbed wire,,"33.1241828,35.8124021",1,1,1,0,0,0,0
ITA,AUT,2,0,0,0,,0,"47.0055383,11.5045034",0,0,0,0,0,0,0
ITA,CHE,3,0,0,0,,0,"45.84069,9.0357494",2,0,0,0,0,0,0
ITA,FRA,2,0,0,0,,0,"43.785597,7.5302178",0,0,0,0,0,0,0
ITA,SMR,2,0,0,0,,0,"43.957094,12.4361634",0,0,0,0,0,0,0
ITA,SVN,2,0,0,0,,0,"46.21708,13.4954225",0,0,0,0,0,0,0
JOR,IRQ,5,1,0,1,"electronic fencing, watchtowers",1,"32.7259645,38.9824903",2,1,0,0,0,0,0
JOR,ISR,3,0,0,0,,1,"29.5754394,34.9802626",2,0,0,0,0,0,0
JOR,SAU,3,0,0,0,,1,"31.5299001,37.0762803",2,0,0,0,0,0,0
JOR,SYR,5,1,0,1,4m-high fence topped with barbed wire; watchtower,1,"32.5197119,36.1929947",2,0,0,0,0,0,0
KAZ,CHN,4,1,0,0,,0,"46.6820052,82.7890082",2,0,0,0,0,0,1
KAZ,KGZ,4,1,0,1,berms,0,"43.0253489,74.7050261",2,1,1,0,0,0,1
KAZ,RUS,3,0,0,0,,0,"51.198718,49.9118636",2,0,0,0,0,0,1
KAZ,TKM,5,1,0,1,fence; berms,0,"41.919351,52.6586746",2,0,0,0,0,0,0
KAZ,UZB,4,1,0,0,"1,7m-high barbed wire fence; partially multiple fences",0,"44.8958001,55.9956638",2,1,1,1,1,1,1
KEN,ETH,3,0,0,0,,0,"3.5253977,39.0526087",2,0,0,0,0,0,0
KEN,SOM,4,1,0,0,meshed and razor wire; 700km planned; 8km finished,0,"3.9339459,41.8693054",2,0,0,0,0,0,0
KEN,SSD,3,0,0,0,,0,"4.410713,34.2720919",1,0,0,0,0,0,0
KEN,TZA,3,0,0,0,,0,"-4.599944,39.1048597",2,0,0,0,0,0,0
KEN,UGA,3,0,0,0,,0,"0.4655405,34.098545",2,0,0,0,0,0,0
KGZ,CHN,4,1,0,0,,,"40.5925,75.427222",1,0,0,0,0,0,1
KGZ,KAZ,3,0,0,0,,,"40.567111,75.4348457",2,0,0,0,0,0,0
KGZ,TJK,3,1,0,0,under construction,,"40.11261,70.7321297",1,0,0,0,0,0,1
KGZ,UZB,3,0,0,0,,,"40.570982,72.7602669",1,0,0,0,0,0,0
KHM,LAO,3,0,0,0,,4,"13.9240726,106.0262468",2,0,0,0,0,0,0
KHM,THA,3,0,0,0,,4,"13.6622071,102.547053",1,0,0,0,0,0,0
KHM,VNM,3,0,0,0,,4,"11.0773458,106.1686904",2,0,0,0,0,0,0
KOR,PRK,5,1,,1,4m-high fence topped with barbed wire (DMZ); civilian control line with further barriers inside Korean territory,,"37.903316,126.7059253",2,1,0,1,0,0,0
KWT,IRQ,5,1,0,1,"electrified fence, concertina wire; berms; trenches",0,"30.08275,47.7017539",2,1,1,1,1,1,0
KWT,SAU,3,0,0,0,,0,"29.100056,46.6754634",2,0,0,0,0,0,0
LAO,CHN,3,0,0,0,,,"21.1874562,101.6797047",2,0,0,0,0,0,0
LAO,KHM,3,0,0,0,,,"13.9232581,106.028588",2,0,0,0,0,0,0
LAO,MMR,3,0,0,0,,,"20.8780777,100.5469156",2,0,0,0,0,0,0
LAO,THA,3,0,0,0,,,"17.8877934,102.7133778",2,0,0,0,0,0,0
LAO,VNM,3,0,0,0,,,"21.2153164,102.889673",2,0,0,0,0,0,0
LBN,ISR,3,0,0,0,,3,"33.0942524,35.1040191",,0,0,0,0,0,0
LBN,SYR,3,0,0,0,,3,"33.7020641,35.9231988",2,0,0,0,0,0,0
LBR,CIV,3,0,0,0,,0,"7.2533166,-8.3645531",1,0,0,0,0,0,0
LBR,GIN,3,0,0,0,,0,"8.4914114,-9.6506514",1,0,0,0,0,0,0
LBR,SLE,3,0,0,0,,0,"8.467508,-10.2739469",1,0,0,0,0,0,0
LBY,DZA,4,1,0,0,barriers surrounding the border posts,,"30.139859,9.4621245",2,0,0,0,0,0,0
LBY,EGY,3,0,0,0,,,"31.5785764,25.0630596",2,0,0,0,0,0,0
LBY,NER,1,0,0,0,,,"22.737359,14.0774298",0,0,0,0,0,0,0
LBY,SDN,1,0,0,0,,,"21.5510576,24.9474943",0,0,0,0,0,0,0
LBY,TCD,1,0,0,0,,,"22.6714022,17.6987156",0,0,0,0,0,0,0
LBY,TUN,3,0,0,0,,,"33.1488472,11.5629681",2,0,0,0,0,0,0
LIE,AUT,2,0,0,0,,0,"47.2181838,9.5702704",1,0,0,0,0,0,0
LIE,CHE,2,0,0,0,,0,"47.1683719,9.4892949",0,0,0,0,0,0,0
LSO,ZAF,3,0,0,0,,0,"-29.2988403,27.45529",2,0,0,0,0,0,0
LTU,BLR,4,1,0,0,2-3 m mesh wire partially topped with roll of concertina wire; extent: 65km,0,"54.546838,25.6897663",2,1,0,0,0,0,0
LTU,LVA,2,0,0,0,,0,"56.36922,23.6716453",0,0,0,0,0,0,0
LTU,POL,2,0,0,0,,0,"54.313444,23.1259063",2,0,0,0,0,0,0
LTU,RUS,4,1,0,0,"built in 2017, about 2m high, military threat, smuggling/criminality",0,"55.086044,21.9073169",2,0,0,0,0,0,0
LUX,BEL,2,0,0,0,,0,"49.981183,5.8375613",0,0,0,0,0,0,0
LUX,DEU,2,0,0,0,,0,"49.927388,6.2240221",0,0,0,0,0,0,0
LUX,FRA,2,0,0,0,,0,"49.477277,6.1192158",0,0,0,0,0,0,0
LVA,BLR,5,1,0,0,2m-high barbed wire,0,"55.718663,26.8689491",2,0,0,0,0,0,0
LVA,EST,2,0,0,0,,0,"57.874532,24.3793724",2,0,0,0,0,0,0
LVA,LTU,2,0,0,0,,0,"56.364848,23.6715483",2,0,0,0,0,0,0
LVA,RUS,5,1,0,0,2.7m-high topped with barbed wire,0,"56.8690935,27.8284051",2,0,0,0,0,0,0
MAR,DZA,5,1,0,0,barbed-wired fence,,"34.7889156,-1.8409095",2,0,0,0,0,0,0
MAR,ESP,5,1,0,1,ditch,,"35.8720056,-5.3449913",2,0,0,0,0,0,0
MAR,MRT,3,0,0,0,,,"21.3631349,-16.9602142",2,0,0,0,0,0,0
MCO,FRA,2,,,,,0,,,0,0,0,0,0,0
MDA,ROU,3,0,0,0,,0,"46.794271,28.1599643",2,0,0,0,0,0,0
MDA,UKR,3,0,0,0,,0,"46.738116,29.9658505",1,0,0,0,0,0,0
MEX,BLZ,3,0,0,0,,0,"18.485962,-88.40145",2,0,0,0,0,0,0
MEX,GTM,3,0,0,0,,0,"14.677119,-92.1502882",1,0,0,0,0,0,0
MEX,USA,3,0,0,0,,0,"31.762132,-106.4546387",2,0,0,0,0,0,0
MKD,ALB,3,0,0,0,,0,"41.5592402,20.4956981",1,0,0,0,0,0,0
MKD,BGR,3,0,0,0,,0,"41.9872354,22.8729545",1,0,0,0,0,0,0
MKD,GRC,5,1,0,0,the dual fence is barbed-wired and around 3m high,0,"41.134207,22.5469463",2,1,0,0,0,0,1
MKD,SRB,3,0,0,0,,0,"42.2310874,21.6998212",2,0,0,0,0,0,0
MKD,XKX,3,0,0,0,,0,"42.138625,21.3031187",2,0,0,0,0,0,0
MLI,BFA,3,0,0,0,,0,"11.1193124,-5.3614437",1,0,0,0,0,0,0
MLI,CIV,3,0,0,0,,0,"10.4755612,-5.6531478",1,0,0,0,0,0,0
MLI,DZA,1,0,0,0,,0,"21.188285,1.0390063",0,0,0,0,0,0,0
MLI,GIN,3,0,0,0,,0,"11.9513284,-8.7852502",1,0,0,0,0,0,0
MLI,MRT,3,0,0,0,,0,"15.6856796,-9.3249113",1,0,0,0,0,0,0
MLI,NER,3,0,0,0,,0,"14.968949,0.7039416",1,0,0,0,0,0,0
MLI,SEN,3,0,0,0,,0,"14.457128,-12.2031438",1,0,0,0,0,0,0
MMR,BGD,5,1,0,1,3m-high fence equipped with barbed wire; guard posts,,,0,1,1,1,1,0,0
MMR,CHN,3,0,0,0,,,"23.9879659,97.864366",2,0,0,0,0,0,0
MMR,IND,3,0,0,0,,,"24.2464951,94.307163",1,0,0,0,0,0,0
MMR,LAO,3,0,0,0,,,"20.8967287,100.6344301",2,0,0,0,0,0,0
MMR,THA,3,0,0,0,,,"16.6905211,98.514796",1,0,0,0,0,0,0
MNE,ALB,3,0,0,0,,0,"42.0166694,19.3700475",1,0,0,0,0,0,0
MNE,BIH,3,0,0,0,,0,"42.713049,18.5690843",1,0,0,0,0,0,0
MNE,HRV,3,0,0,0,,0,"42.485779,18.4381701",2,0,0,0,0,0,0
MNE,SRB,3,0,0,0,,0,"42.904554,20.3313055",1,0,0,0,0,0,0
MNE,XKX,3,0,0,0,,0,"42.779692,20.2651285",1,0,0,0,0,0,0
MNG,CHN,4,1,0,0,,0,"46.142141,90.9940663",2,0,0,0,0,0,1
MNG,RUS,4,1,0,0,,0,"51.633088,100.8536793",2,0,0,0,0,0,1
MOZ,MWI,3,0,0,0,,0,"-15.5931096,34.4373825",2,0,0,0,0,0,0
MOZ,SWZ,3,0,0,0,,0,"-25.9891836,31.9975061",2,0,0,0,0,0,0
MOZ,TZA,3,0,0,0,,0,"-11.4184516,38.4962432",1,0,0,0,0,0,0
MOZ,ZAF,3,0,0,0,,0,"-25.445355,31.9866583",2,0,0,0,0,0,0
MOZ,ZMB,3,0,0,0,,0,"-19.0058974,32.7160712",2,0,0,0,0,0,0
MOZ,ZWE,3,0,0,0,,0,"-14.3043602,32.3489535",1,0,0,0,0,0,0
MRT,DZA,1,0,0,0,,0,"27.165418,-8.4139195",0,0,0,0,0,0,0
MRT,MAR,4,1,0,1,berms,0,"21.3336553,-16.948195",1,0,0,0,0,0,0
MRT,MLI,3,0,0,0,,0,"15.7001868,-9.3165546",1,0,0,0,0,0,0
MRT,SEN,3,0,0,0,,0,"16.5094393,-15.8126002",2,0,0,0,0,0,0
MWI,MOZ,3,0,0,0,,0,"-15.578799,34.4769772",2,0,0,0,0,0,0
MWI,TZA,3,0,0,0,,0,"-9.5915607,33.7752045",2,0,0,0,0,0,0
MWI,ZMB,3,0,0,0,,0,"-13.7512694,32.7955289",2,0,0,0,0,0,0
MYS,BRN,3,0,0,0,,0,"4.691107,115.0316334",2,0,0,0,0,0,0
MYS,IDN,3,0,0,0,,0,"0.9876518,110.3503355",2,0,0,0,0,0,0
MYS,SGP,3,0,0,0,,0,"1.4638444,103.7677403",2,0,0,0,0,0,0
MYS,THA,4,1,0,0,3m-high fence topped with barbed wire,0,"6.512582,100.4206628",2,0,1,0,1,1,0
NAM,AGO,3,0,0,0,,0,"-17.3917423,15.8902207",2,0,0,0,0,0,0
NAM,BWA,4,1,0,0,veterinary cordon fence,0,"-22.2811489,19.9974444",2,0,0,0,0,0,0
NAM,ZAF,3,0,0,0,,0,"-28.1177771,19.8480474",2,0,0,0,0,0,0
NAM,ZMB,3,0,0,0,,0,"-17.477911,24.2452125",2,0,0,0,0,0,0
NER,BEN,3,0,0,0,,1,"11.8830549,3.3968388",1,0,0,0,0,0,0
NER,BFA,3,0,0,0,,1,"12.7475974,1.6366258",1,0,0,0,0,0,0
NER,DZA,1,0,0,0,,1,"19.3354933,5.7685495",0,0,0,0,0,0,0
NER,LBY,3,0,0,0,,1,"22.6720754,14.0806128",1,0,0,0,0,0,0
NER,MLI,1,0,0,0,,1,"14.9616844,0.7587524",0,0,0,0,0,0,0
NER,NGA,4,1,0,0,,1,"13.1744096,8.2866873",1,0,0,0,0,0,0
NER,TCD,1,0,0,0,,1,"14.4237874,13.4695588",0,0,0,0,0,0,0
NGA,BEN,3,0,0,0,,,"6.3793957,2.7034606",2,0,0,0,0,0,0
NGA,CMR,3,0,0,0,,,"5.8210583,8.837724",2,1,0,0,0,0,0
NGA,NER,3,0,0,0,,,"13.1729814,8.286419",1,0,0,0,0,0,0
NGA,TCD,1,0,0,0,,,,0,0,0,0,0,0,0
NIC,CRI,3,0,0,0,,0,"11.217775,-85.6147791",2,0,0,0,0,0,0
NIC,HND,3,0,0,0,,0,"13.792262,-86.5709867",1,0,0,0,0,0,0
NLD,BEL,2,0,0,0,,0,"51.37887,4.3007963",0,0,0,0,0,0,0
NLD,DEU,2,0,0,0,,0,"51.9030228,6.159115",0,0,0,0,0,0,0
NOR,FIN,2,0,0,0,,0,"69.9132247,27.0339573",0,0,0,0,0,0,0
NOR,RUS,4,1,0,0,4m-high fence with CCTV; 200m length,0,"69.658759,30.2020833",2,0,0,0,0,0,0
NOR,SWE,2,0,0,0,,0,"59.487282,11.7468003",1,0,0,0,0,0,0
NPL,CHN,3,0,0,0,,0,"27.9714919,85.9619057",1,0,0,0,0,0,0
NPL,IND,3,0,0,0,,0,"27.4760658,83.4678799",1,0,0,0,0,0,0
OMN,ARE,3,0,0,0,,0,"24.2166375,55.953529",2,0,0,0,0,0,0
OMN,SAU,3,0,0,0,,,"22.228504, 55.543975",2,0,0,0,0,0,0
OMN,YEM,5,1,0,1,fence; berms,,"17.8392833,52.6223659",2,0,0,0,0,0,0
PAK,AFG,5,1,0,1,3.5m-high fence topped with barbed wire; trenches,,"30.9483093,66.4347814",2,1,1,1,1,1,1
PAK,CHN,3,0,0,0,,,"36.8479403,75.4266435",1,0,0,0,0,0,0
PAK,IND,3,0,0,0,,,"31.5916218,74.5174975",1,0,0,0,0,0,1
PAK,IRN,3,0,0,0,,,"28.9754372,61.547325",1,0,0,0,0,0,0
PAN,COL,1,0,0,0,,0,,0,0,0,0,0,0,0
PAN,CRI,3,0,0,0,,0,"8.534033,-82.8395919",2,0,0,0,0,0,0
PER,BOL,3,0,0,0,,1,"-16.5633,-69.0376998",1,0,0,0,0,0,0
PER,BRA,3,0,0,0,,1,"-10.9551007,-69.579843",1,0,0,0,0,0,0
PER,CHL,3,0,0,0,,1,"-18.307464,-70.3156671",2,0,0,0,0,0,0
PER,COL,1,0,0,0,,1,"-4.224818,-69.9545182",0,0,0,0,0,0,0
PER,ECU,3,0,0,0,,1,"-3.5110794,-80.2506924",2,0,0,0,0,0,0
PNG,IDN,3,0,0,0,,0,"-2.6088634,140.9977553",2,0,0,0,0,0,0
POL,BLR,3,0,0,0,,0,"53.123842,23.8896679",2,0,0,0,0,0,1
POL,CZE,2,0,0,0,,0,"50.042856,18.0883346",0,0,0,0,0,0,0
POL,DEU,2,0,0,0,,0,"52.316833,14.5871864",2,0,0,0,0,0,0
POL,LTU,2,0,0,0,,0,"54.306557,23.1156933",0,0,0,0,0,0,0
POL,RUS,3,0,0,0,,0,"54.418954,20.0601631",2,0,0,1,0,0,0
POL,SVK,2,0,0,0,,0,"49.418214,21.6940013",0,0,0,0,0,0,0
POL,UKR,3,0,0,0,,0,"49.955871,23.1089713",2,0,0,0,0,0,0
PRK,CHN,3,0,0,0,,,"40.1224264,124.3654566",1,0,0,0,0,0,0
PRK,KOR,5,1,0,1,fence; guard towers,,"37.9558856,126.6766936",2,0,0,0,0,1,0
PRK,RUS,3,0,0,0,,,"42.4137747,130.6386455",1,0,0,0,0,0,0
PRT,ESP,2,0,0,0,,0,"40.606687,-6.8272074",2,0,0,0,0,0,0
PRY,ARG,3,0,0,0,,0,"-27.363389,-55.8551374",2,0,0,0,0,0,0
PRY,BOL,3,0,0,0,,0,"-21.673735,-62.4555511",1,0,0,0,0,0,0
PRY,BRA,3,0,0,0,,0,"-25.508488,-54.6067743",2,0,0,0,0,0,0
QAT,SAU,3,0,0,1,watchtowers; surveillance technology,0,"24.744723,50.8435003",2,0,0,0,0,0,0
ROU,BGR,3,0,0,0,,0,"43.9016733,25.9917862",2,0,0,0,0,0,0
ROU,HUN,3,0,0,0,,0,"46.211211,20.7645043",2,0,0,0,0,0,0
ROU,MDA,3,0,0,0,,0,"46.787962,28.1419603",2,0,0,0,0,0,0
ROU,SRB,3,0,0,0,,0,"45.752412,20.700242",2,0,0,0,0,0,0
ROU,UKR,3,0,0,0,,0,"47.938708,23.8762576",1,0,0,0,0,0,0
RUS,AZE,4,1,0,0,partially fenced; fence is topped with barbed wire,,"41.640344,48.4049613",2,0,0,0,0,0,1
RUS,BLR,3,0,0,0,,,"53.118271,32.244977",2,0,0,0,0,0,0
RUS,CHN,4,1,0,0,fence discernible; no further information,,"49.631481,117.3710782",2,1,0,1,0,0,0
RUS,EST,3,0,0,0,,,"59.376316,28.2089672",2,0,0,0,0,0,1
RUS,FIN,5,1,0,0,2-3 m barbed wire fence,,"61.123929,28.8398916",2,0,0,1,0,0,1
RUS,GEO,5,1,0,0,concertina wire,,"42.7705819,44.629426",2,0,0,0,0,0,1
RUS,KAZ,3,0,0,0,,,"51.6783158,50.9993746",2,0,0,0,0,0,0
RUS,LTU,3,0,0,0,,,"55.0824142,21.9029543",2,0,0,0,0,0,0
RUS,LVA,3,0,0,0,,,"56.873226,27.8318313",2,0,0,0,0,0,1
RUS,MNG,3,1,0,0,2-3m-high fence topped with barbed wire,,"50.3256114,106.4853744",2,1,0,1,0,0,0
RUS,NOR,5,1,0,0,2-3 m barbed wire fence; length: 195km,,"69.655885,30.2011763",2,1,0,1,0,0,1
RUS,POL,5,1,0,0,"1,8m-high stacked barbed wire and metal mesh",,"54.4235099,20.0705973",2,0,0,0,0,0,0
RUS,PRK,3,0,0,0,,,"42.415671,130.6396974",1,1,0,1,0,0,1
RUS,UKR,4,1,0,0,barbed-wired metal fence,,"50.338575,36.2851423",2,1,0,0,0,0,0
RWA,BDI,3,0,0,0,,0,"-2.3522926,30.2169803",2,0,0,0,0,0,0
RWA,COD,3,0,0,0,,0,"-1.6966345,29.2441349",2,0,0,0,0,0,0
RWA,TZA,3,0,0,0,,0,"-2.3788544,30.77737",2,0,0,0,0,0,0
RWA,UGA,3,0,0,0,,0,"-1.052238,30.4584908",2,0,0,0,0,0,0
SAU,ARE,4,1,0,1,fence; berms,0,"24.1304784,51.5689049",2,1,0,1,0,0,0
SAU,BHR,3,0,0,0,,0,"26.1850329,50.3213097",2,0,0,0,0,0,0
SAU,IRQ,5,1,0,1,several fences; ditches; watchtower,0,"31.365275,41.4419423",2,1,1,1,1,1,0
SAU,JOR,5,1,0,0,fence,0,"29.170734,36.0715873",2,1,0,1,0,0,0
SAU,KWT,3,0,0,0,,0,"29.083306,46.6393993",2,1,0,1,0,0,0
SAU,OMN,5,1,0,0,fence,0,"22.2036113,55.5074878",2,1,0,1,0,0,0
SAU,QAT,3,0,0,0,,0,"24.723147,50.7619073",2,1,0,1,0,0,0
SAU,YEM,5,1,0,1,3m-high fence; berms,0,"16.9626286, 47.013931",2,0,1,1,1,1,0
SDN,CAF,1,0,0,0,,2,"10.468149,23.3040308",0,0,0,0,0,0,0
SDN,EGY,3,0,0,0,,2,"22.0034982,31.5114458",1,0,0,0,0,0,0
SDN,ERI,3,0,0,0,,2,"15.2137669,36.490274",1,0,0,0,0,0,0
SDN,ETH,3,0,0,0,,2,"12.9583604,36.150441",1,0,0,0,0,0,0
SDN,LBY,1,0,0,0,,2,"20.7925528,24.9875047",0,0,0,0,0,0,0
SDN,SSD,1,0,0,0,,2,"12.2362913,32.7600629",0,0,0,0,0,0,0
SDN,TCD,3,0,0,0,,2,"13.4572034,22.2302997",1,0,0,0,0,0,0
SEN,GIN,3,0,0,0,,,"12.679044,-13.560484",2,0,0,0,0,0,0
SEN,GMB,3,0,0,0,,,"13.5917248,-16.4222039",1,0,0,0,0,0,0
SEN,GNB,3,0,0,0,,,"12.4545245,-16.2304884",1,0,0,0,0,0,0
SEN,MLI,3,0,0,0,,,"14.4540372,-12.2085045",1,0,0,0,0,0,0
SEN,MRT,3,0,0,0,,,"16.5043424,-15.8106271",1,0,0,0,0,0,0
SGP,MYS,3,0,0,0,,0,"1.4475573,103.7643202",2,0,0,0,0,0,0
SLE,GIN,3,0,0,0,,0,"9.1732693,-12.961253",2,0,0,0,0,0,0
SLE,LBR,3,0,0,0,,0,"8.472122,-10.28021",1,0,0,0,0,0,0
SLV,GTM,3,0,0,0,,0,"14.01787,-89.9063905",2,0,0,0,0,0,0
SLV,HND,3,0,0,0,,0,"13.5977884,-87.7683622",2,0,0,0,0,0,0
SMR,ITA,2,0,0,0,,0,"43.957094,12.4361634",0,0,0,0,0,0,0
SOM,DJI,3,0,0,0,,3,"11.4598754,43.2576872",1,0,0,0,0,0,0
SOM,ETH,3,0,0,0,,3,"9.6010236,43.3324082",1,0,0,0,0,0,0
SOM,KEN,3,0,0,0,,3,"3.93033,41.8722192",1,0,0,0,0,0,0
SRB,BGR,3,0,0,0,,1,"42.998623,22.8291615",2,0,0,0,0,0,0
SRB,BIH,3,0,0,0,,1,"44.403635,19.1252992",1,0,0,0,0,0,0
SRB,HRV,3,0,0,0,,1,"45.047207,19.1050983",2,0,0,0,0,0,0
SRB,HUN,3,0,0,0,,1,"46.166548,19.5601547",2,0,0,0,0,0,0
SRB,MKD,3,0,0,0,,1,"42.24068,21.7002783",2,0,0,0,0,0,0
SRB,MNE,3,0,0,0,,1,"42.910325,20.3402257",1,0,0,0,0,0,0
SRB,ROU,3,0,0,0,,1,"45.750026,20.6990667",1,0,0,0,0,0,0
SRB,XKX,3,0,0,0,,1,"42.961741,20.5478239",2,0,0,0,0,0,0
SSD,CAF,1,0,0,0,,3,"5.3972913,27.235278",0,0,0,0,0,0,0
SSD,COD,1,0,0,0,,3,"3.9214163,30.345974",0,0,0,0,0,0,0
SSD,ETH,1,0,0,0,,3,,0,0,0,0,0,0,0
SSD,KEN,1,0,0,0,,3,"4.4500265,34.2087813",0,0,0,0,0,0,0
SSD,SDN,1,0,0,0,,3,"12.202846,32.7718802",0,0,0,0,0,0,0
SSD,UGA,3,0,0,0,,3,"3.5725799,32.0738773",1,0,0,0,0,0,0
SUR,BRA,1,0,0,0,,0,,0,0,0,0,0,0,0
SUR,GUY,3,0,0,0,,0,"5.7495564,-57.1348843",2,0,0,0,0,0,0
SVK,AUT,2,0,0,0,,0,"48.1225956,17.0650876",0,0,0,0,0,0,0
SVK,CZE,2,0,0,0,,0,"48.951869,17.8950893",0,0,0,0,0,0,0
SVK,HUN,2,0,0,0,,0,"48.013404,17.1781733",2,1,0,0,0,0,0
SVK,POL,2,0,0,0,,0,"49.412155,21.6976853",0,0,0,0,0,0,0
SVK,UKR,3,0,0,0,,0,"48.884073,22.419301",2,0,0,0,0,0,0
SVN,AUT,2,0,0,0,,0,"46.5177617,13.7505392",2,0,0,0,0,0,0
SVN,HRV,5,1,0,0,"2,2-2,5m-high metal fence or stacked concertina wire along 200km of the border",0,"45.846671,15.6907283",2,1,0,0,0,1,1
SVN,HUN,2,0,0,0,,0,"46.52204,16.5176908",0,0,0,0,0,0,0
SVN,ITA,2,0,0,0,,0,"46.217773,13.4964484",0,0,0,0,0,0,0
SWE,DNK,2,0,0,0,,0,"55.565935,12.9113771",2,0,0,0,0,0,0
SWE,FIN,2,0,0,0,,0,"68.441679,22.4757453",0,0,0,0,0,0,0
SWE,NOR,2,0,0,0,,0,"59.487282,11.7468003",0,0,0,0,0,0,0
SWZ,MOZ,3,0,0,0,,0,"-25.9891836,31.9975061",2,0,0,0,0,0,0
SWZ,ZAF,3,0,0,0,,0,"-27.1053353,31.0683459",1,0,0,0,0,0,0
SYR,IRQ,3,0,0,0,,,"33.4362695,38.8333413",2,0,0,0,0,0,0
SYR,ISR,3,0,0,0,,,"33.1241828,35.8124021",1,0,0,0,0,0,0
SYR,JOR,3,0,0,0,,,"32.5425701,36.2017208",2,0,0,0,0,0,0
SYR,LBN,3,0,0,0,,,"33.6578671,35.9773638",2,0,0,0,0,0,0
SYR,TUR,3,0,0,0,,,"36.231667,36.6902243",2,0,0,0,0,0,0
TCD,CAF,1,0,0,0,,4,"8.2324953,18.7127978",0,0,0,0,0,0,0
TCD,CMR,3,0,0,0,,4,"12.0690743,15.0542085",0,0,0,0,0,0,0
TCD,LBY,1,0,0,0,,4,"22.654122,17.7006297",0,0,0,0,0,0,0
TCD,NER,1,0,0,0,,4,"14.4236314,13.4702203",0,0,0,0,0,0,0
TCD,NGA,1,0,0,0,,4,,0,0,0,0,0,0,0
TCD,SDN,3,0,0,0,,4,"13.4650447,22.2115597",1,0,0,0,0,0,0
TGO,BEN,3,0,0,0,,0,"6.2406642,1.626694",2,0,0,0,0,0,0
TGO,BFA,3,0,0,0,,0,"11.1121366,0.0099752",2,0,0,0,0,0,0
TGO,GHA,4,1,0,0,mesh and barbed-wire fence,0,"6.1135267,1.1995311",2,0,0,0,0,0,0
THA,KHM,3,0,0,0,,4,"13.6618404,102.5493248",2,0,1,0,0,0,0
THA,LAO,3,0,0,0,,4,"20.2231279,100.4430415",2,0,0,0,0,0,0
THA,MMR,3,0,0,0,,4,"16.7132537,98.4886358",2,0,0,0,0,0,0
THA,MYS,4,1,1,0,2.5m-high fence constructed with concrete foundation and barbed wire,4,"6.516194,100.4181067",2,1,1,1,1,0,0
TJK,AFG,5,1,0,0,2.5m-high fence made of barbed wire,2,"37.1958534,68.5995867",2,0,0,0,0,0,1
TJK,CHN,4,1,0,0,barbed-wire fence,2,"38.1498517,74.8034369",1,0,0,0,0,0,0
TJK,KGZ,3,0,0,0,,2,"39.4130047,71.7208742",2,0,0,0,0,0,0
TJK,UZB,3,0,0,0,,2,"40.5471022,69.2154761",1,0,0,0,0,0,0
TKM,AFG,5,1,0,0,barbed wire fence,0,"35.260592,62.2855421",1,0,0,0,0,0,1
TKM,IRN,5,1,0,0,barbed wire fence; sand strip,0,"37.630155,58.4047487",2,0,0,0,0,0,1
TKM,KAZ,4,1,0,0,berms,0,"41.900129,52.6519745",2,1,0,1,0,0,1
TKM,UZB,5,1,0,0,barbed wire fence,0,"39.2194071,63.7166636",2,1,1,1,1,1,1
TLS,IDN,3,0,0,0,,0,"-8.9594366,124.9503404",2,0,0,0,0,0,0
TUN,DZA,4,0,0,1,berms,0,"35.5478975,8.3628784",2,0,0,0,0,0,0
TUN,LBY,5,1,0,1,"berms, fences, trenches",0,"33.1486377,11.5544145",2,0,0,0,0,0,0
TUR,ARM,4,0,0,1,sand track; berms,4,"40.7291774,43.7398486",0,0,0,0,0,0,1
TUR,AZE,3,0,0,0,,4,"39.6541641,44.7985037",2,0,0,0,0,0,1
TUR,BGR,3,0,0,0,,4,"41.967633,27.4582191",2,0,0,0,0,0,0
TUR,CYP,4,1,0,1,different types of barriers,4,"35.1813471,33.3228568",1,0,0,1,0,0,0
TUR,GEO,3,0,0,0,,4,"41.5872934,42.8176098",2,0,0,0,0,0,0
TUR,GRC,3,0,0,0,,4,"40.933659,26.3275593",2,0,0,0,0,0,0
TUR,IRN,5,0,1,0,"144km out of 534km walled, barbed-wired concrete wall",4,"39.414564,44.3736473",2,0,0,0,0,1,1
TUR,IRQ,4,0,0,1,"trenches, minefields",4,"37.1506273,42.5654323",2,0,0,0,0,0,1
TUR,SYR,5,0,1,0,wall topped with barbed wire,4,"36.238786,36.6531363",2,1,1,1,1,1,1
TZA,BDI,3,0,0,0,,0,"-2.6545152,30.4301538",2,0,0,0,0,0,0
TZA,KEN,3,0,0,0,,0,"-4.6022656,39.1033349",2,0,0,0,0,0,0
TZA,MOZ,3,0,0,0,,0,"-11.4068346,38.4871608",1,0,0,0,0,0,0
TZA,MWI,3,0,0,0,,0,"-9.5867764,33.7758235",2,0,0,0,0,0,0
TZA,RWA,3,0,0,0,,0,"-2.3839824,30.7836032",2,0,0,0,0,0,0
TZA,UGA,3,0,0,0,,0,"-1.0004786,31.4169232",2,0,0,0,0,0,0
TZA,ZMB,3,0,0,0,,0,"-9.314867,32.7634359",2,0,0,0,0,0,0
UGA,COD,3,0,0,0,,0,"0.0433312,29.7208179",1,0,0,0,0,0,0
UGA,KEN,3,0,0,0,,0,"0.4655405,34.098545",2,0,0,0,0,0,0
UGA,RWA,3,0,0,0,,0,"-1.052238,30.4584908",2,0,0,0,0,0,0
UGA,SSD,3,0,0,0,,0,"3.5691429,32.0708433",2,0,0,0,0,0,0
UGA,TZA,3,0,0,0,,0,"-1.0004786,31.4169232",2,0,0,0,0,0,0
UKR,BLR,3,0,0,0,,,"52.074699,30.9675768",2,0,0,0,0,0,0
UKR,HUN,4,1,0,0,2-3m-high barbed wire fence; poor condition,,"48.1657778,22.5726912",2,0,0,0,0,0,1
UKR,MDA,3,0,0,0,,,"46.737108,29.9735022",2,0,0,0,0,0,0
UKR,POL,4,1,0,1,"2,5m-high barbed wire fence; poor condition; guard towers; sand track",,"49.954642,23.1152876",2,0,0,0,0,0,1
UKR,ROU,4,1,0,0,,,"47.940366,23.872721",2,0,0,0,0,0,1
UKR,RUS,4,1,0,1,2-3m-high fence topped with barbed wire,,"50.3323548,36.2762812",2,1,0,0,0,1,1
UKR,SVK,4,1,0,0,2-3m-high barbed wire fence; poor condition,,"48.884073,22.419301",2,0,0,0,0,0,1
URY,ARG,3,0,0,0,,0,"-32.26544,-58.0951008",2,0,0,0,0,0,0
URY,BRA,3,0,0,0,,0,"-30.395089,-56.460491",1,0,0,0,0,0,0
USA,CAN,3,0,0,0,,0,"45.006975,-73.4545057",2,0,0,0,0,0,0
USA,MEX,5,1,1,1,"3-5,5m-high fence/wall; barbed wire; roadblocks",0,"31.766939,-106.4513621",2,1,1,1,1,1,0
UZB,AFG,5,1,0,0,fence,,"37.2291502,67.4276052",1,1,1,1,1,1,1
UZB,KAZ,5,1,0,0,fence,,"41.4538577,69.2080993",2,0,1,0,0,0,0
UZB,KGZ,4,1,0,1,barbed wired fence; ditches,,"40.5730495,72.7621708",1,1,1,1,1,1,1
UZB,TJK,4,,0,1,"berms, (fences)",,"38.5046813,68.1091123",2,1,0,1,0,0,1
UZB,TKM,5,1,0,0,fence,,"39.2218513,63.7181435",2,0,0,0,0,0,0
VEN,BRA,3,0,0,1,roadblocks,0,"4.487266,-61.1501014",2,0,0,0,0,0,0
VEN,COL,3,0,0,1,roadblocks,0,"7.81747,-72.4494572",2,0,0,0,0,0,0
VEN,GUY,1,0,0,0,,0,,0,0,0,0,0,0,0
VNM,CHN,3,0,0,0,,,"22.5069893,103.9625073",2,0,0,0,0,0,0
VNM,KHM,3,0,0,0,,,"11.0652596,106.1582613",2,0,0,0,0,0,0
VNM,LAO,3,0,0,0,,,"16.6233473,106.5886344",2,0,0,0,0,0,0
XKX,ALB,3,0,0,0,,1,"42.1579948,20.5491956",2,0,0,0,0,0,0
XKX,MKD,3,0,0,0,,1,"42.14271,21.3006563",2,0,0,0,0,0,0
XKX,MNE,3,0,0,0,,1,"42.758796,20.288915",2,0,0,0,0,0,0
XKX,SRB,3,0,0,0,,1,"42.961741,20.5478239",1,0,0,0,0,0,0
YEM,OMN,3,0,0,0,,4,"16.6695577,53.0976086",1,0,0,0,0,0,0
YEM,SAU,3,0,0,0,,4,"16.938382,47.0122194",2,0,0,0,0,0,0
ZAF,BWA,3,0,0,0,,0,"-25.275518,25.7113082",2,0,0,0,0,0,0
ZAF,LSO,4,1,0,0,,0,"-29.2975594,27.4512703",2,1,0,0,0,0,0
ZAF,MOZ,5,1,0,1,"triple fence, patrol road, 10m-wide detection zone",0,"-25.442419,31.9841853",2,1,1,1,0,1,0
ZAF,NAM,3,0,0,0,,0,"-28.0918023,20.007857",2,0,0,0,0,0,0
ZAF,SWZ,4,1,0,0,,0,"-27.1053353,31.0683459",2,1,1,0,0,0,0
ZAF,ZWE,5,1,0,0,"electrification, razor wire",0,"-22.2306348,29.9861936",2,0,1,1,0,1,0
ZMB,AGO,3,0,0,0,,0,"-11.108987,24.0199558",1,0,0,0,0,0,0
ZMB,BWA,3,0,0,0,,0,"-17.788221,25.2660677",2,0,0,0,0,0,0
ZMB,COD,3,0,0,0,,0,"-12.2668509,27.7948671",2,0,0,0,0,0,0
ZMB,MOZ,3,0,0,0,,0,"-19.0053491,32.7112111",1,0,0,0,0,0,0
ZMB,MWI,3,0,0,0,,0,"-13.7512694,32.7955289",1,0,0,0,0,0,0
ZMB,NAM,3,0,0,0,,0,"-17.4736111,24.244102",2,0,0,0,0,0,0
ZMB,TZA,3,0,0,0,,0,"-9.316391,32.7619059",2,0,0,0,0,0,0
ZMB,ZWE,3,0,0,0,,0,"-16.035878,28.848028",2,0,0,0,0,0,0
ZWE,BWA,3,0,0,0,,3,"-18.52483,25.6628167",2,0,0,0,0,0,0
ZWE,MOZ,3,0,0,0,,3,"-14.3043602,32.3489535",1,0,0,0,0,0,0
ZWE,ZAF,3,0,0,0,,3,"-22.218518,29.9848943",2,0,0,0,0,0,0
ZWE,ZMB,3,0,0,0,,3,"-16.042807,28.8571222",2,1,0,0,0,0,0
